RegDate,first_Name,last_Name,Email_Address,HomePhone,Street,City,State,Zipcode
11/28/2008 22:44:00,john,hoy,xhnebenz@jumpstartlab.com,5126732000,300 E 30th St Apt 304,Austin,tx,78705
12/18/2008 16:50:00,john,dayananda,kyllacamerak@jumpstartlab.com,5027410000,513 Emery Rd.,Louisville,ky,40206
12/19/2008 18:50:00,john,dowd,sellistarena@jumpstartlab.com,7243443000,203 E. Neshannock,New Wilmington,pa,16142
1/15/2009 18:01:00,john,buckner,hhrosl08@jumpstartlab.com,9193895000,101 Stadium Drive,Chapel Hill,nc,27514
1/19/2009 19:40:00,john,bishop,dpichard@jumpstartlab.com,9085280000,198 College Hill Road,Clinton,ny,13323
1/19/2009 20:03:00,john,cooray,emcallum@jumpstartlab.com,4402219000,46 East Green Street (Room 449),Athens,oh,45701
1/20/2009 20:38:00,john,huber,nileyd@jumpstartlab.com,3016897000,60 Pershing St,Cumberland,md,21521
1/20/2009 23:32:00,john,hall,rmates6601@jumpstartlab.com,5087521000,266 Olean St.,Worcester,ma,01602
1/20/2009 23:57:00,john,klar,cyaison@jumpstartlab.com,6512141000,1315 Bowen Court,Madison,wi,53715
1/21/2009 1:22:00,john,honani,jtmiller@jumpstartlab.com,2392468000,586 Asbury Crircle,Atlanta,ga,30322
1/21/2009 8:34:00,john,mclaughlin,shrnisar@jumpstartlab.com,9148821000,701 moore ave box 1207,Lewisburg,pa,17837
1/21/2009 15:44:00,john,white,jlex.vlasic@jumpstartlab.com,3036532000,601 First St,Ithaca,ny,14850
1/21/2009 17:18:00,john,dolstad,evff.bessette@jumpstartlab.com,7164001000,8345 Clarnew Dr.,East Amherst,ny,14051
1/21/2009 19:23:00,john,wikler,ick15@jumpstartlab.com,3365292000,510 Straffordshire Rd.,Winston Salem,nc,27104
1/21/2009 19:35:00,john,venegas,renielgr@jumpstartlab.com,6075920000,881 Boswick,Ithaca,ny,14850
1/21/2009 20:08:00,john,copenhaver,oteastes@jumpstartlab.com,6313576000,426 5th Street,East Northport,ny,11731
1/21/2009 20:51:00,john,bigwood,vpm.odonnell@jumpstartlab.com,4042185000,roanoke college,Salem,va,24153
1/21/2009 20:52:00,john,sharrow,gqix.haber@jumpstartlab.com,7797440000,"86 7th Ave, Melville,","Johannesburg, South Africa",pw,00000
1/21/2009 20:54:00,john,ng,gcrinemea77@jumpstartlab.com,3237030000,1145 laurel st,Santa Cruz,ca,95060
1/21/2009 21:10:00,john,eller,hxshifle@jumpstartlab.com,6092717000,1056 Frist Center,Princeton,nj,08544
1/21/2009 21:21:00,john,white,obtrinah@jumpstartlab.com,6153375000,1714 Grand Ave. Apt. 124,Knoxville,tn,37916
1/21/2009 21:39:00,john,cannon,fdmiller@jumpstartlab.com,9193575000,College St.,Boone,nc,28607
1/21/2009 22:27:00,john,tough,je_bro1@jumpstartlab.com,5414303000,1250 NW 23rd Street Apt 8,Corvallis,or,97330
1/21/2009 22:33:00,john,kerner,jil6@jumpstartlab.com,5852011000,Frist,Princeton,nj,08544
1/21/2009 22:46:00,john,fink,stiorio@jumpstartlab.com,3213215000,16800 Point Lookout Rd.,St. Mary's City,md,20686
1/21/2009 22:53:00,john,mcmeekin,idnielsaintfelix@jumpstartlab.com,3362028000,1 university hts,Asheville,nc,28804
1/21/2009 23:00:00,john,jahne,qyieff@jumpstartlab.com,5555555000,16800 Point lookout rd,St Marys City,md,20686
1/21/2009 23:42:00,john,regan,sfnghandong@jumpstartlab.com,2485354000,1815 Harvard Yard Mail Ctr,Cambridge,ma,02138
1/21/2009 23:48:00,john,freer,oynko1721@jumpstartlab.com,7579713000,510 E. 7th Ave.,Tallahassee,fl,32303
1/21/2009 23:52:00,john,bicknell,lqhfksfklgKLJGRskj@jumpstartlab.com,7579713000,510 E. 7th Ave.,Tallahassee,fl,32303
1/22/2009 0:02:00,john,jacobi,tyneskaroluk@jumpstartlab.com,7036254000,600 Ukrop Way,Williamsburg,va,23185
1/22/2009 0:52:00,john,judkins,mjjones7@jumpstartlab.com,6172908000,25 Cathy Road,Chelmsford,ma,01824
1/22/2009 15:23:00,john,wasserman,flintessential_reflection@jumpstartlab.com,8283800000,2437 Paresky,Williamstown,ma,01267
1/25/2009 23:17:00,john,begay,anhevalier@jumpstartlab.com,7032315000,2515 N. Winchester St,Arlington,va,22213
1/28/2009 14:58:00,john,rivera,wxma.jones@jumpstartlab.com,5706375000,400 East Second St.,Bloomsburg,pa,17815
1/28/2009 15:58:00,john,gassam,vmug.bojack@jumpstartlab.com,4843254000,400 East Second St.,Bloomsburg,pa,17815
1/29/2009 12:23:00,john,gans,kgtrano@jumpstartlab.com,9195383000,UNCW Station CB# 20360,Wilmington,nc,28407
1/29/2009 13:20:00,john,kidder,gmk1@jumpstartlab.com,5404470000,"1203 Jamestown Road, Apt B4",Williamsburg,va,23185
1/29/2009 14:41:00,john,gallagher,llarunchia001@jumpstartlab.com,8459887000,71-72 162ND ST,Fresh Meadows,ny,11365
1/29/2009 15:23:00,john,walker,uaazarus@jumpstartlab.com,9732706000,203 south willard st,Bulington,vt,05401
1/30/2009 11:21:00,john,westwood,ngelacolwell@jumpstartlab.com,6173650000,3301 n charles st.,Baltimore,md,21218
1/30/2009 11:29:00,john,asher,xlm2@jumpstartlab.com,2164020000,"328 Houston Hall, Tufts University",Medford,ma,02155
1/30/2009 12:34:00,john,desanctis,vngallag@jumpstartlab.com,3028587000,1501 Lakeside Dr,Lynchburg,va,24501
1/30/2009 15:04:00,john,loftis,jninr5467@jumpstartlab.com,3362028000,1 university hts,Asheville,nc,28804
1/30/2009 16:50:00,john,macdonald,ejeliaT@jumpstartlab.com,8655851000,512 E Watauga Ave,Johnson City,tn,37604
1/31/2009 14:30:00,john,raiho,gpn@jumpstartlab.com,7183054000,272 Danforth St.,Portland,me,04102
1/31/2009 15:24:00,john,tuck,tbolkart@jumpstartlab.com,7183054000,7911 Mayflower Hill,Waterville,me,04901
1/31/2009 15:35:00,john,popovitch,clorzana@jumpstartlab.com,7163927000,1112 Harvard Yard Mail Center,Cambridge,ma,02138
1/31/2009 19:05:00,john,catsos,vqlochowr@jumpstartlab.com,2313574000,239 Oakhill,East Lansing,mi,48823
1/31/2009 20:41:00,john,stork,pmilla10@jumpstartlab.com,7128983000,303 Welch Ave,Ames,ia,50014
1/31/2009 23:45:00,john,abdulkarim,iwbaugh@jumpstartlab.com,2157434000,1434 Elbridge St,Philadelphia,pa,19149
2/1/2009 14:45:00,john,dubose,leonia@jumpstartlab.com,7183054000,140 Stratford Ave,Pittsburgh,pa,15206
2/1/2009 15:44:00,john,zeller,eyudartj@jumpstartlab.com,8057662000,"1608 Rhode Island Ave, NW",Washington,dc,20036
2/1/2009 17:12:00,john,farshchi,kjerations@jumpstartlab.com,3042908000,8 1/2 Charleston,Morgantown,wv,26501
2/1/2009 17:47:00,john,fox,lqn1@jumpstartlab.com,7168689000,"350 Student Union, University at Buffalo",Buffalo,ny,14260
2/1/2009 19:39:00,john,alexander,ep.collier@jumpstartlab.com,5128267000,Academy,Kalamazoo,mi,49006
2/1/2009 19:58:00,john,rosenkvist,qpancey@jumpstartlab.com,0000000000,64654654,Wilmington,nc,28403
2/1/2009 20:07:00,john,corkins,kjya.courtney@jumpstartlab.com,9143204000,Bates,Lewiston,me,04240
2/1/2009 21:28:00,john,kittner,vfvaruss_campbell@jumpstartlab.com,7038620000,CSU 3873 PO Box 8793,Williamsburg,va,23185
2/1/2009 22:06:00,john,dyment,lqeisler@jumpstartlab.com,6068624000,216 Johnson Addition,London,ky,40741
2/1/2009 23:30:00,john,mceachern,lqorej8@jumpstartlab.com,9143251000,"1 Rivermere, Apt. 1B",Bronxville,ny,10708
2/2/2009 0:28:00,john,wells,slnielleariel@jumpstartlab.com,5854512000,2 Vineyard Hill,Fairport,ny,14450
2/2/2009 1:33:00,john,dowley,bx14@jumpstartlab.com,5748505000,2219 Ward St,Berkeley,ca,94705
